scenario_id,prediction
80e3aa96-815d-4683-980c-16db42eab0ef,C22
f55a819f-3fb9-4c8f-8859-a5b1649ff2d5,C11
2cd1f674-a411-4860-82c6-a16ba624b172,C8
923c459f-2ead-4c18-a204-751574ed6ae3,C3
2e83ae4f-dca0-4931-bb13-d13d672e14e1,C14
cb846c3c-8900-4b40-917b-0bd848114d00,C7
a082017c-d1cf-47c3-984b-48cd78048951,C17
39ae0e0f-cac1-416b-ace8-b72ca6354807,C19
75a17b6a-ce1b-4a5e-b843-bdd967e81580,C2
c4e11e51-c978-4d39-bfc0-c298d2e7ac16,C20
404fb825-8603-4497-91ce-92e40d4a2164,C3
c95c7270-9e74-47b8-b475-eff7d7c3b5eb,C1
a7b35fcb-2fe5-4c3a-bf50-58fd5f3d7d1b,C22
b0ef4fd7-e69f-4659-b71b-a5af2b53c24d,C14
6f1825be-13f8-4604-948b-aac796e32344,C19
74abdf87-76b3-434f-aecf-735dd4d82345,C17
acb898f7-5e9f-4c39-ba2f-ac677ae6355c,C3
06df7252-3bfe-4a3d-9806-189404de1c9b,C11
e5930631-de96-4c81-bd7a-e1bbaaa9bede,C12
c0d6fcb9-3c93-45ad-9a1b-98cce32086d0,C15
f1d0426c-94a2-496e-b5c5-d8ead9e867ca,C4
558e64d5-26af-4977-9551-8e1630686b19,C14
06b971d7-131a-4a2c-976f-a433d6f028cd,C10
28312271-c54b-4840-8596-5645346e0ba7,C22
aa431504-d22a-44dc-b539-c364985b6f75,C20
8ed1021f-abd2-4fdb-9a4e-b0b6a4869c11,C5
be3d8972-47e7-4f0a-8979-e1fe1d272212,C18
873fc69e-de64-43c8-ae3b-8f02060b47eb,C10
953a2987-d2cb-4697-8f77-760546a1845c,C11
57895e51-e6e0-4d9a-bf80-94cd2cee557f,C20
ec36b28f-50fb-4ea4-9bae-cf5add603526,C12
a13f26bb-650c-41e0-bda7-4eb1fa2f15b7,C15
a94886e5-732b-4786-9a3d-a0730a1aa23d,C21
dc8c7b18-2e52-4d8f-b283-e7c8af8eaccd,C14
db60dc66-0cf4-4294-a2a5-9561ac03d18a,C5
473e08dd-1acf-49c8-9730-8e1962f202cf,C14
261da544-08ac-48da-80f0-d3f9ada44f29,C21
8b1ccd46-7cca-465e-9c02-1862afaa907d,C7
55477a77-37d4-467a-9511-9f99866644b2,C18
82e04c0a-479d-4be8-a0eb-5456ad418b75,C16
4760488a-0f65-447c-82c5-9523ba4afda9,C19
047973ff-6f7b-4760-88a6-acd32a89fc00,C19
9eb599d5-bbfb-4d59-81e2-c435b4486894,C12
4d39f7f8-6467-4dce-bc31-c2292e7407a6,C14
074d8dcd-dca7-4102-babd-4b0ba4c5813d,C9
51d20b8e-e226-4601-b2a5-7269a68e8285,C7
f902d75d-dbac-46ed-8cea-e81c1d1e213f,C6
3720ba2c-7aac-41f5-a408-b37379a33b6e,C17
f45d84d2-ae71-42ef-b814-4d4d9fbddf46,C11
66c959ea-332d-4802-a7ff-af79dc2bf566,C3
